Title,Artist,Year,Ranking2003,Ranking2012,Ranking2020,Ranking_Avg
Pet Sounds,The Beach Boys,1966,2,2,2,2.0
What's Going On,Marvin Gaye,1971,6,6,1,4.33
Revolver,The Beatles,1966,3,3,11,5.67
Sgt. Pepper's Lonely Hearts Club Band,The Beatles,1967,1,1,24,8.67
Highway 61 Revisited,Bob Dylan,1965,4,4,18,8.67
Exile on Main St.,The Rolling Stones,1972,7,7,14,9.33
London Calling,The Clash,1979,8,8,16,10.67
Abbey Road,The Beatles,1969,14,14,5,11.0
Nevermind,Nirvana,1991,17,17,6,13.33
Blood On The Tracks,Bob Dylan,1975,16,16,9,13.67
Rubber Soul,The Beatles,1965,5,5,35,15.0
The Beatles (The White Album),The Beatles,1968,10,10,29,16.33
Thriller,Michael Jackson,1982,20,20,12,17.33
Kind Of Blue,Miles Davis,1959,12,12,31,18.33
Blonde On Blonde,Bob Dylan,1966,9,9,38,18.67
Born To Run,Bruce Springsteen,1975,18,18,21,19.0
To Pimp a Butterfly,Kendrick Lamar,2015,,,19,19.0
Rumours,Fleetwood Mac,1977,25,26,7,19.33
Are You Experienced,The Jimi Hendrix Experience,1967,15,15,30,20.0
Blue,Joni Mitchell,1971,30,30,3,21.0
The Complete Recordings,Robert Johnson,1990,,22,,22.0
Innervisions,Stevie Wonder,1973,23,24,34,27.0
The Great Twenty-Eight,Chuck Berry,1982,21,21,51,31.0
Lemonade,Beyoncé,2016,,,32,32.0
Tapestry,Carole King,1971,36,36,25,32.33
Astral Weeks,Van Morrison,1968,19,19,60,32.67
The Sun Sessions,Elvis Presley,1976,11,11,78,33.33
Let It Bleed,The Rolling Stones,1969,32,32,41,35.0
The Rise And Fall Of Ziggy Stardust And The Spiders From Mars,David Bowie,1972,35,35,40,36.67
It Takes A Nation Of Millions To Hold Us Back,Public Enemy,1988,48,48,15,37.0
Ramones,Ramones,1976,33,33,47,37.67
Live At The Apollo,James Brown,1963,24,25,65,38.0
Horses,Patti Smith,1975,44,44,26,38.0
Please Please Me,The Beatles,1963,39,39,,39.0
Songs In The Key Of Life,Stevie Wonder,1976,56,57,4,39.0
John Lennon/Plastic Ono Band,John Lennon,1970,22,23,85,43.33
Who's Next,The Who,1971,28,28,77,44.33
Legend,Bob Marley & The Wailers,1984,46,46,48,46.67
The Dark Side Of The Moon,Pink Floyd,1973,43,43,55,47.0
A Love Supreme,John Coltrane,1965,47,47,66,53.33
"Never Mind The Bollocks, Here's The Sex Pistols",Sex Pistols,1977,41,41,80,54.0
Electric Ladyland,The Jimi Hendrix Experience,1968,54,55,53,54.0
Music From Big Pink,The Band,1968,34,34,100,56.0
The Doors,The Doors,1967,42,42,86,56.67
Off The Wall,Michael Jackson,1979,68,68,36,57.33
Trout Mask Replica,Captain Beefheart and his Magic Band,1969,58,60,,59.0
"Chronicle, Vol. 1",Creedence Clearwater Revival,1976,,59,,59.0
I Never Loved A Man The Way I Love You,Aretha Franklin,1967,83,84,13,60.0
Appetite For Destruction,Guns N' Roses,1987,61,62,62,61.67
The Joshua Tree,U2,1987,26,27,135,62.67
Hotel California,Eagles,1976,37,37,118,64.0
Graceland,Paul Simon,1986,81,71,46,66.0
At Fillmore East,The Allman Brothers Band,1971,49,49,105,67.67
Hounds of Love,Kate Bush,1985,,,68,68.0
Jagged Little Pill,Alanis Morrissette,1995,,,69,69.0
Star Time,James Brown,1991,79,75,54,69.33
Super Fly,Curtis Mayfield,1972,69,72,76,72.33
Led Zeppelin,Led Zeppelin,1969,29,79,123,77.0
Sticky Fingers,The Rolling Stones,1971,63,64,104,77.0
Harvest,Neil Young,1972,78,82,72,77.33
Back In Black,AC/DC,1980,73,77,84,78.0
After The Gold Rush,Neil Young,1970,71,74,90,78.33
Led Zeppelin IV,Led Zeppelin,1971,66,69,101,78.67
Blonde,Frank Ocean,2016,,,79,79.0
Talking Book,Stevie Wonder,1972,90,90,59,79.67
Bringing It All Back Home,Bob Dylan,1965,31,31,181,81.0
Beyoncé,Beyoncé,2013,,,81,81.0
Lady Soul,Aretha Franklin,1968,84,85,75,81.33
Achtung Baby,U2,1991,62,63,124,83.0
Moondance,Van Morrison,1970,65,66,120,83.67
Axis: Bold As Love,The Jimi Hendrix Experience,1967,82,83,92,85.67
Forever Changes,Love,1967,40,40,180,86.67
The Clash,The Clash,1977,77,81,102,86.67
Dusty In Memphis,Dusty Springfield,1969,89,89,83,87.0
Baduizm,Erykah Badu,1997,,,89,89.0
Bridge Over Troubled Water,Simon And Garfunkel,1970,51,51,172,91.33
Bitches Brew,Miles Davis,1970,94,95,87,92.0
Led Zeppelin II,Led Zeppelin,1969,75,79,123,92.33
Supa Dupa Fly,"Missy ""Misdemeanor"" Elliott",1997,,,93,93.0
There's A Riot Goin' On,Sly & The Family Stone,1971,99,99,82,93.33
Green River,Creedence Clearwater Revival,1969,95,,,95.0
Take Care,Drake,2011,,,95,95.0
Physical Graffiti,Led Zeppelin,1975,70,73,144,95.67
Ready To Die,The Notorious B.I.G,1994,133,134,22,96.33
Goodbye Yellow Brick Road,Elton John,1973,91,91,112,98.0
Remain In Light,Talking Heads,1980,126,129,39,98.0
Red,Taylor Swift,2012,,,99,99.0
Beggars Banquet,The Rolling Stones,1968,57,58,185,100.0
The Wall,Pink Floyd,1979,87,87,129,101.0
Hunky Dory,David Bowie,1971,107,108,88,101.0
Fresh Cream,Cream,1966,101,102,,101.5
The Stranger,Billy Joel,1977,67,70,169,102.0
Meet The Beatles,The Beatles,1964,59,53,197,103.0
The Chronic,Dr. Dre,1992,137,138,37,104.0
Born In The U.S.A.,Bruce Springsteen,1984,85,86,142,104.33
The Birth Of Soul: The Complete Atlantic Rhythm And Blues Recordings,Ray Charles,1991,53,54,210,105.67
This Year's Model,Elvis Costello,1978,98,98,121,105.67
When the Pawn...,Fiona Apple,1999,,,108,108.0
Here's Little Richard,Little Richard,1957,50,50,227,109.0
Otis Blue,Otis Redding,1965,74,78,178,110.0
Control,Janet Jackson,1986,,,111,111.0
Court And Spark,Joni Mitchell,1974,111,113,110,111.33
Modern Sounds In Country And Western Music,Ray Charles,1962,104,105,127,112.0
At Folsom Prison,Johnny Cash,1968,88,88,164,113.33
Out Of Our Heads,The Rolling Stones,1965,114,116,,115.0
"good kid, m.A.A.d city",Kendrick Lamar,2012,,,115,115.0
20 Golden Greats,Buddy Holly,1978,92,92,166,116.67
The Low End Theory,A Tribe Called Quest,1991,154,153,43,116.67
Late Registration,Kanye West,2005,,118,117,117.5
Aja,Steely Dan,1977,145,145,63,117.67
40 Greatest Hits,Hank Williams,1978,129,94,132,118.33
Stand!,Sly & The Family Stone,1969,118,121,119,119.33
Straight Outta Compton,N.W.A,1988,144,144,70,119.33
If You Can Believe Your Eyes And Ears,The Mamas & The Papas,1966,127,112,,119.5
Purple Rain,Prince,1984,72,163,130,121.67
Marquee Moon,Television,1977,128,130,107,121.67
OK Computer,Radiohead,1997,162,162,42,122.0
Moby Grape,Moby Grape,1967,121,124,,122.5
Younger Than Yesterday,The Byrds,1967,124,127,,125.5
Imagine,John Lennon,1971,76,80,223,126.33
Raw Power,The Stooges,1973,125,128,,126.5
Tommy,The Who,1969,96,96,190,127.33
Sign O' The Times,Prince,1987,93,163,130,128.67
Sweet Baby James,James Taylor,1970,103,104,182,129.67
Catch A Fire,The Wailers,1973,123,126,140,129.67
Darkness On The Edge Of Town,Bruce Springsteen,1978,151,150,91,130.67
Disraeli Gears,Cream,1967,112,114,170,132.0
Hejira,Joni Mitchell,1976,,,133,133.0
Paranoid,Black Sabbath,1970,130,131,139,133.33
Greatest Hits,Elton John,1974,135,136,,135.5
Exodus,Bob Marley & The Wailers,1977,169,169,71,136.33
Tim,The Replacements,1985,136,137,,136.5
21,Adele,2011,,,137,137.0
The Harder They Come,Jimmy Cliff,1972,119,122,174,138.33
Rejuvenation,The Meters,1974,138,139,,138.5
Odessey And Oracle,The Zombies,1968,80,100,243,141.0
At Last!,Etta James,1961,116,119,191,142.0
Saturday Night Fever (Original Soundtrack),Various Artists,1977,131,132,163,142.0
Parallel Lines,Blondie,1978,140,140,146,142.0
A Christmas Gift For You,Phil Spector,1963,142,142,,142.0
Master Of Puppets,Metallica,1986,167,167,97,143.67
Giant Steps,John Coltrane,1959,102,103,232,145.67
Paul's Boutique,Beastie Boys,1989,156,156,125,145.67
Dreams To Remember: The Otis Redding Anthology,Otis Redding,1998,147,,,147.0
Elvis Presley,Elvis Presley,1956,55,56,332,147.67
Channel Orange,Frank Ocean,2012,,,148,148.0
Santana,Santana,1969,150,149,,149.5
The Freewheelin' Bob Dylan,Bob Dylan,1963,97,97,255,149.67
Raising Hell,Run-D.M.C,1986,120,123,209,150.67
Layla And Other Assorted Love Songs,Derek And The Dominos,1970,115,117,226,152.67
Loaded,The Velvet Underground,1970,109,110,242,153.67
Pretenders,Pretenders,1980,155,155,152,154.0
Amazing Grace,Aretha Franklin,1972,,,154,154.0
Greatest Hits,Sly & The Family Stone,1970,60,61,343,154.67
Slanted And Enchanted,Pavement,1992,134,135,199,156.0
The Velvet Underground & Nico,The Velvet Underground & Nico,1967,13,316,143,157.33
Captain Fantastic And The Brown Dirt Cowboy,Elton John,1975,158,158,,158.0
Mama's Gun,Erykah Badu,2000,,,158,158.0
Fun House,The Stooges,1970,191,191,94,158.67
In The Wee Small Hours,Frank Sinatra,1955,100,101,282,161.0
The Dock Of The Bay,Otis Redding,1968,161,161,,161.0
Different Class,Pulp,1995,,,162,162.0
The Bends,Radiohead,1995,110,111,276,165.67
Transformer,Lou Reed,1972,194,194,109,165.67
Imperial Bedroom,Elvis Costello,1982,166,166,,166.0
The B-52's,The B-52's,1979,152,152,198,167.33
Pearl,Janis Joplin,1971,122,125,259,168.67
Electric Warrior,T. Rex,1971,160,160,188,169.33
Sweetheart Of The Rodeo,The Byrds,1968,117,120,274,170.33
The Notorious Byrd Brothers,The Byrds,1968,171,171,,171.0
Loveless,My Bloody Valentine,1991,219,221,73,171.0
Déjà Vu,"Crosby, Stills, Nash & Young",1970,148,147,220,171.67
Kid A,Radiohead,2000,428,67,20,171.67
Paid In Full,Eric B. And Rakim,1987,227,228,61,172.0
Portrait Of A Legend: 1951-1964,Sam Cooke,2003,106,107,307,173.33
Every Picture Tells A Story,Rod Stewart,1971,172,172,177,173.67
Desire,Bob Dylan,1976,174,174,,174.0
The Downward Spiral,Nine Inch Nails,1994,200,201,122,174.33
Close To You,Carpenters,1970,175,175,,175.0
DAMN.,Kendrick Lamar,2017,,,175,175.0
Greatest Hits,The Byrds,1967,178,,,178.0
The Anthology 1961 - 1977,Curtis Mayfield And The Impressions,1992,179,178,,178.5
The Rolling Stones Now!,The Rolling Stones,1965,181,180,,180.5
The Who Sell Out,The Who,1967,113,115,316,181.33
Natty Dread,Bob Marley & The Wailers,1974,182,181,,181.5
Aftermath,The Rolling Stones,1966,108,109,330,182.33
The Queen Is Dead,The Smiths,1986,216,218,113,182.33
Fleetwood Mac,Fleetwood Mac,1975,183,182,,182.5
Brown Sugar,D'Angelo,1995,,,183,183.0
My Beautiful Dark Twisted Fantasy,Kanye West,2010,,353,17,185.0
Fresh,Sly & The Family Stone,1973,186,186,,186.0
The College Dropout,Kanye West,2004,,298,74,186.0
The Anthology (1947-1972),Muddy Waters,2001,38,38,483,186.33
Murmur,R.E.M,1983,197,197,165,186.33
Greatest Hits,Al Green,1975,52,52,456,186.67
AmeriKKKa's Most Wanted,Ice Cube,1990,,,187,187.0
Buffalo Springfield Again,Buffalo Springfield,1967,188,188,,188.0
Reasonable Doubt,Jay-Z,1996,248,250,67,188.33
Happy Trails,Quicksilver Messenger Service,1969,189,189,,189.0
The Band,The Band,1969,45,468,57,190.0
Houses Of The Holy,Led Zeppelin,1973,149,148,278,191.67
Ten,Pearl Jam,1991,207,209,160,192.0
Live At The Regal,B.B. King,1965,141,141,299,193.67
Blues Breakers With Eric Clapton,John Mayall,1966,195,195,,195.0
Songs of Leonard Cohen,Leonard Cohen,1967,,,195,195.0
Body Talk,Robyn,2010,,,196,196.0
A Night At The Opera,Queen,1975,230,231,128,196.33
Automatic For The People,R.E.M,1992,247,249,96,197.33
The Best Of,Little Walter,1964,198,198,,198.0
Doolittle,Pixies,1989,226,227,141,198.0
Rocket To Russia,Ramones,1977,105,106,385,198.67
Highway To Hell,AC/DC,1979,199,200,,199.5
Bad,Michael Jackson,1987,202,203,194,199.67
Nebraska,Bruce Springsteen,1982,224,226,150,200.0
The Immaculate Collection,Madonna,1990,278,184,138,200.0
Diamond Life,Sade,1984,,,200,200.0
"King Of The Delta Blues Singers, Vol.1",Robert Johnson,1961,27,,374,200.5
Midnight Marauders,A Tribe Called Quest,1993,,,201,201.0
Red Headed Stranger,Willie Nelson,1975,184,183,237,201.33
"Parsley, Sage, Rosemary And Thyme",Simon And Garfunkel,1966,201,202,,201.5
Homogenic,Björk,1997,,,202,202.0
"The Wild, The Innocent And The E Street Shuffle",Bruce Springsteen,1973,132,133,345,203.33
Wheels Of Fire,Cream,1968,203,205,,204.0
Modern Times,Bob Dylan,2006,,204,,204.0
Graduation,Kanye West,2007,,,204,204.0
Back To Mono,Phil Spector,1991,64,65,489,206.0
Tea For The Tillerman,Cat Stevens,1970,206,208,205,206.33
Closer,Joy Division,1980,157,157,309,207.67
Alive,Kiss,1975,159,159,305,207.67
Licensed To Ill,Beastie Boys,1986,217,219,192,209.33
All That You Can't Leave Behind,U2,2000,139,280,,209.5
Unknown Pleasures,Joy Division,1980,,,211,211.0
Tattoo You,The Rolling Stones,1981,211,213,,212.0
Let It Be,The Replacements,1984,239,241,156,212.0
The Miseducation Of Lauryn Hill,Lauryn Hill,1998,312,314,10,212.0
Wild Is the Wind,Nina Simone,1966,,,212,212.0
The Idler Wheel...,Fiona Apple,2012,,,213,213.0
Gris-Gris,Dr. John,1968,143,143,356,214.0
Wildflowers,Tom Petty,1994,,,214,214.0
Can't Buy A Thrill,Steely Dan,1972,238,240,168,215.33
Two Steps From The Blues,Bobby Bland,1961,215,217,,216.0
Either/Or,Elliott Smith,1997,,,216,216.0
Definitely Maybe,Oasis,1994,,,217,217.0
Look-Ka Py Py,The Meters,1969,218,220,,219.0
The Definitive Collection,ABBA,2001,180,179,303,220.67
New Orleans Piano,Professor Longhair,1972,220,222,,221.0
War,U2,1983,221,223,,222.0
Live At Leeds,The Who,1970,170,170,327,222.33
The Neil Diamond Collection,Neil Diamond,1999,222,224,,223.0
So,Peter Gabriel,1986,187,187,297,223.67
Fly,Dixie Chicks,1999,,,224,224.0
The Complete Hank Williams,Hank Williams,1998,225,,,225.0
Is This It,The Strokes,2001,367,199,114,226.67
"Crosby, Stills & Nash","Crosby, Stills & Nash",1969,259,262,161,227.33
Wish You Were Here,Pink Floyd,1975,209,211,264,228.0
De La Soul Is Dead,De La Soul,1991,,,228,228.0
Toys In The Attic,Aerosmith,1975,228,229,,228.5
My Life,Mary J. Blige,1994,279,281,126,228.67
Anti,Rihanna,2016,,,230,230.0
The Marshall Mathers LP,Eminem,2000,302,244,145,230.33
Howlin' Wolf,Howlin' Wolf,1962,223,238,,230.5
Dig Me Out,Sleater-Kinney,1997,,272,189,230.5
The Kink Kronikles,The Kinks,1972,231,232,,231.5
1999,Prince,1982,163,206,326,231.67
The Ultimate Collection,Patsy Cline,2000,234,235,229,232.67
Station To Station,David Bowie,1976,323,324,52,233.0
Little Earthquakes,Tori Amos,1992,,,233,233.0
Bookends,Simon And Garfunkel,1968,233,234,,233.5
From Elvis In Memphis,Elvis Presley,1969,190,190,322,234.0
Low,David Bowie,1977,249,251,206,235.33
Mr. Excitement!,Jackie Wilson,1992,235,236,,235.5
Car Wheels On A Gravel Road,Lucinda Williams,1998,304,305,98,235.67
Discovery,Daft Punk,2001,,,236,236.0
The Who Sings My Generation,The Who,1965,236,237,,236.5
American Idiot,Green Day,2004,,225,248,236.5
Exile In Guyville,Liz Phair,1993,328,327,56,237.0
One Nation Under A Groove,Parliament/Funkadelic,1978,177,177,360,238.0
Rocks,Aerosmith,1976,176,176,366,239.33
Back To Black,Amy Winehouse,2006,,451,33,242.0
New York Dolls,New York Dolls,1973,213,215,301,243.0
The Very Best Of Linda Ronstadt,Linda Ronstadt,2002,324,164,,244.0
808s & Heartbreak,Kanye West,2008,,,244,244.0
Freak Out!,The Mothers Of Invention,1966,243,246,,244.5
American Beauty,Grateful Dead,1970,258,261,215,244.67
Bryter Layter,Nick Drake,1970,245,,,245.0
Heaven or Las Vegas,Cocteau Twins,1990,,,245,245.0
Dirty Mind,Prince,1980,204,206,326,245.33
Live Dead,Grateful Dead,1969,244,247,,245.5
Mama Said Knock You Out,LL Cool J,1991,,,246,246.0
Love Deluxe,Sade,1992,,,247,247.0
Something/Anything?,Todd Rundgren,1972,173,173,396,247.33
Metallica,Metallica,1991,252,255,235,247.33
Abraxas,Santana,1970,205,207,334,248.67
Trans-Europe Express,Kraftwerk,1977,253,256,238,249.0
Let's Get It On,Marvin Gaye,1973,165,165,422,250.67
Mr. Tambourine Man,The Byrds,1965,232,233,287,250.67
Grace,Jeff Buckley,1994,303,304,147,251.33
The River,Bruce Springsteen,1980,250,253,,251.5
The Black Album,Jay-Z,2003,,349,155,252.0
Whitney Houston,Whitney Houston,1985,254,257,249,253.33
Dookie,Green Day,1994,193,193,375,253.67
Head Hunters,Herbie Hancock,1973,,,254,254.0
Surrealistic Pillow,Jefferson Airplane,1967,146,146,471,254.33
My Aim Is True,Elvis Costello,1977,168,168,430,255.33
The Blueprint,Jay-Z,2001,464,252,50,255.33
Disintegration,The Cure,1989,326,326,116,256.0
The Velvet Underground,The Velvet Underground,1969,314,316,143,257.67
The Hissing of Summer Lawns,Joni Mitchell,1975,,,258,258.0
Stardust,Willie Nelson,1978,257,260,,258.5
Fear Of A Black Planet,Public Enemy,1990,300,302,176,259.33
Buena Vista Social Club,Buena Vista Social Club,1997,260,,,260.0
Tracy Chapman,Tracy Chapman,1988,261,263,256,260.0
Cut,The Slits,1979,,,260,260.0
Check Your Head,Beastie Boys,1992,,,261,261.0
Moanin' In The Moonlight,Howlin' Wolf,1959,153,154,477,261.33
Stankonia,OutKast,2000,359,361,64,261.33
"Power, Corruption & Lies",New Order,1983,,,262,262.0
The Genius Of Ray Charles,Ray Charles,1959,263,265,,264.0
Child Is Father To The Man,"Blood, Sweat & Tears",1968,264,266,,265.0
3 Feet High And Rising,De La Soul,1989,346,346,103,265.0
Wowee Zowee,Pavement,1995,,,265,265.0
"Nuggets: Original Artyfacts From The First Psychedelic Era, 1965-1968",Various Artists,1972,196,196,405,265.67
Quadrophenia,The Who,1973,266,267,,266.5
Enter The Wu-Tang: 36 Chambers,Wu-Tang Clan,1993,386,387,27,266.67
There Goes Rhymin' Simon,Paul Simon,1973,267,,,267.0
Psycho Candy,The Jesus And Mary Chain,1985,268,269,,268.5
Blood Sugar Sex Magik,Red Hot Chili Peppers,1991,310,310,186,268.67
Like A Prayer,Madonna,1989,237,239,331,269.0
Yeezus,Kanye West,2013,,,269,269.0
Golden Hour,Kacey Musgraves,2018,,,270,270.0
The Jerry Lee Lewis Anthology: All Killer No Filler!,Jerry Lee Lewis,1993,242,245,325,270.67
What's the 411?,Mary J. Blige,1992,,,271,271.0
Proud Mary: The Best Of Ike And Tina Turner,Ike And Tina Turner,1991,212,214,392,272.67
Nightbirds,Labelle,1974,272,274,,273.0
Let It Be,The Beatles,1970,86,392,342,273.33
Aquemini,Outkast,1998,,500,49,274.5
Everybody Knows This Is Nowhere,Neil Young & Crazy Horse,1969,208,210,407,275.0
Curtis,Curtis Mayfield,1970,,,275,275.0
Daydream Nation,Sonic Youth,1988,329,328,171,276.0
Anthology Of American Folk Music,Various Artists,1952,276,278,,277.0
The Diary of Alicia Keys,Alicia Keys,2003,,,277,277.0
Master Of Reality,Black Sabbath,1971,298,300,234,277.33
The Velvet Rope,Janet Jackson,1997,256,259,318,277.67
Aladdin Sane,David Bowie,1973,277,279,,278.0
Black Sabbath,Black Sabbath,1970,241,243,355,279.67
Get Rich or Die Tryin',50 Cent,2002,,,280,280.0
Folk Singer,Muddy Waters,1964,280,282,,281.0
Nilsson Schmilsson,Harry Nilsson,1971,,,281,281.0
Pink Moon,Nick Drake,1972,320,321,203,281.33
The Gilded Palace Of Sin,The Flying Burrito Brothers,1969,192,192,462,282.0
Can't Get Enough,Barry White,1974,281,283,,282.0
Illmatic,Nas,1994,400,402,44,282.0
Five Leaves Left,Nick Drake,1969,283,,,283.0
Bad Girls,Donna Summer,1975,,,283,283.0
Violator,Depeche Mode,1990,342,342,167,283.67
"Crooked Rain, Crooked Rain",Pavement,1994,210,212,434,285.33
White Light/White Heat,The Velvet Underground,1968,292,293,272,285.67
Coat Of Many Colors,Dolly Parton,1971,299,301,257,285.67
The Stooges,The Stooges,1969,185,185,488,286.0
Damn The Torpedoes,Tom Petty And The Heartbreakers,1979,313,315,231,286.33
Run-DMC,Run-DMC,1984,240,242,378,286.67
Anthem Of The Sun,Grateful Dead,1968,287,288,,287.5
Speakerboxxx/The Love Below,OutKast,2003,,,290,290.0
Talking Heads: 77,Talking Heads,1977,290,291,,290.5
The Writing's on the Wall,Destiny's Child,1999,,,291,291.0
I'm Still In Love With You,Al Green,1972,285,286,306,292.33
Greatest Hits,Simon And Garfunkel,1972,293,,,293.0
Last Splash,The Breeders,1993,,,293,293.0
Go Bo Diddley,Bo Diddley,1959,214,216,455,295.0
Songs Of Love And Hate,Leonard Cohen,1971,,295,,295.0
Random Access Memories,Daft Punk,2013,,,295,295.0
Meat Is Murder,The Smiths,1985,295,296,,295.5
We're Only In It For The Money,The Mothers Of Invention,1968,296,297,,296.5
Weezer (The Blue Album),Weezer,1994,297,299,294,296.67
Rhythm Nation 1814,Janet Jackson,1989,275,277,339,297.0
Los Angeles,X,1980,286,287,320,297.67
Willy And The Poor Boys,Creedence Clearwater Revival,1969,392,309,193,298.0
Full Moon Fever,Tom Petty,1989,,,298,298.0
The Kinks Are The Village Green Preservation Society,The Kinks,1968,255,258,384,299.0
The Slim Shady LP,Eminem,1999,273,275,352,300.0
Come On Over,Shania Twain,1997,,,300,300.0
Unplugged In New York,Nirvana,1994,311,313,279,301.0
The Shape Of Jazz To Come,Ornette Coleman,1959,246,248,417,303.67
Sail Away,Randy Newman,1972,321,322,268,303.67
(What's The Story) Morning Glory?,Oasis,1995,376,378,157,303.67
Just As I Am,Bill Withers,1971,,,304,304.0
Mothership Connection,Parliament,1975,274,276,363,304.33
The Basement Tapes,Bob Dylan And The Band,1975,291,292,335,306.0
The Cars,The Cars,1978,282,284,353,306.33
Music Of My Mind,Stevie Wonder,1972,284,285,350,306.33
Songs For Swingin' Lovers,Frank Sinatra,1956,306,308,,307.0
The Sun Records Collection,Various Artists,1994,308,311,,309.5
Help!,The Beatles,1965,332,331,266,309.67
Nothing's Shocking,Jane's Addiction,1988,309,312,,310.5
On the Beach,Neil Young,1974,,,311,311.0
Workingman's Dead,Grateful Dead,1970,262,264,409,311.67
A Seat at the Table,Solange,2016,,,312,312.0
Kick Out The Jams,MC5,1969,294,294,349,312.33
John Wesley Harding,Bob Dylan,1967,301,303,337,313.67
One in a Million,Aaliyah,1996,,,314,314.0
El Mal Querer,Rosalía,2018,,,315,315.0
The Piper At The Gates Of Dawn,Pink Floyd,1967,347,347,253,315.67
Rock Steady,No Doubt,2001,316,,,316.0
Eagles,Eagles,1972,374,368,207,316.33
Nick Of Time,Bonnie Raitt,1989,229,230,492,317.0
The Eminem Show,Eminem,2002,317,,,317.0
Lady in Satin,Billie Holiday,1958,,,317,317.0
Ray Of Light,Madonna,1998,363,367,222,317.33
Complete & Unbelievable: The Otis Redding Dictionary Of Soul,Otis Redding,1966,251,254,448,317.67
Back Stabbers,The O'Jays,1972,318,318,,318.0
Rage Against The Machine,Rage Against The Machine,1992,368,365,221,318.0
Going To A Go-Go,Smokey Robinson And The Miracles,1965,271,273,412,318.67
Burnin',The Wailers,1973,319,319,,319.0
A Hard Day's Night,The Beatles,1964,388,307,263,319.33
Amnesiac,Radiohead,2001,,320,,320.0
Tonight's The Night,Neil Young,1975,331,330,302,321.0
Norman Fucking Rockwell!,Lana Del Rey,2019,,,321,321.0
Rid Of Me,PJ Harvey,1993,405,406,153,321.33
Avalon,Roxy Music,1982,307,,336,321.5
Honky Chateau,Elton John,1972,357,359,251,322.33
Ghost In The Machine,The Police,1981,322,323,,322.5
Singles Going Steady,Buzzcocks,1979,358,360,250,322.67
Dummy,Portishead,1994,419,419,131,323.0
CrazySexyCool,TLC,1994,377,379,218,324.67
Slowhand,Eric Clapton,1977,325,325,,325.0
Funeral,Arcade Fire,2004,,151,500,325.5
Heart Like A Wheel,Linda Ronstadt,1974,164,,490,327.0
Jagged Little Pill,Alanis Morissette,1995,327,,,327.0
Modern Vampires of the City,Vampire Weekend,2013,,,328,328.0
Endtroducing...,DJ Shadow,1996,,,329,329.0
In The Jungle Groove,James Brown,1986,330,329,,329.5
Rust Never Sleeps,Neil Young & Crazy Horse,1979,350,351,296,332.33
Voodoo,D'Angelo,2000,488,481,28,332.33
Shoot Out The Lights,Richard & Linda Thompson,1982,333,332,,332.5
Still Bill,Bill Withers,1972,,,333,333.0
Wild Gift,X,1981,334,333,,333.5
The Paul Butterfield Blues Band,The Paul Butterfield Blues Band,1965,476,468,57,333.67
Squeezing Out Sparks,Graham Parker,1979,335,334,,334.5
Call Me,Al Green,1973,289,290,427,335.33
Superunknown,Soundgarden,1994,336,335,,335.5
Some Girls,The Rolling Stones,1978,269,270,468,335.67
The Beach Boys Today!,The Beach Boys,1965,270,271,466,335.67
Aqualung,Jethro Tull,1971,337,337,,337.0
Cosmo's Factory,Creedence Clearwater Revival,1970,265,,413,339.0
The Heart Of Saturday Night,Tom Waits,1974,339,339,,339.0
Doggystyle,Snoop Doggy Dogg,1993,,,340,340.0
Surfer Rosa,Pixies,1988,315,317,390,340.67
Play,Moby,1999,341,341,,341.0
Criminal Minded,Boogie Down Productions,1987,444,,239,341.5
Bat Out Of Hell,Meat Loaf,1977,343,343,,343.0
Berlin,Lou Reed,1973,344,344,,344.0
Live Through This,Hole,1994,466,460,106,344.0
Blue Lines,Massive Attack,1991,395,397,241,344.33
Odelay,Beck,1996,305,306,424,345.0
Stop Making Sense,Talking Heads,1984,345,345,,345.0
Post,Björk,1995,373,376,289,346.0
Paul Simon,Paul Simon,1972,,268,425,346.5
Liquid Swords,GZA,1995,,,347,347.0
At Newport 1960,Muddy Waters,1960,348,348,,348.0
Time (The Revelator),Gillian Welch,2001,,,348,348.0
In Utero,Nirvana,1993,439,435,173,349.0
Cheap Thrills,Big Brother And The Holding Company,1968,338,338,372,349.33
Roger The Engineer,The Yardbirds,1966,349,350,,349.5
Only Built 4 Cuban Linx,Raekwon,1995,,480,219,349.5
Modern Lovers,Modern Lovers,1976,381,382,288,350.33
Something Else By The Kinks,The Kinks,1967,288,289,478,351.67
52nd Street,Billy Joel,1978,352,354,,353.0
John Prine,John Prine,1971,458,452,149,353.0
Having A Rave Up With The Yardbirds,The Yardbirds,1965,353,355,,354.0
Synchronicity,The Police,1983,455,448,159,354.0
Germfree Adolescents,X-Ray Spex,1978,,,354,354.0
Siamese Dream,Smashing Pumpkins,1993,360,362,341,354.33
12 Songs,Randy Newman,1970,354,356,,355.0
Between The Buttons,The Rolling Stones,1967,355,357,,356.0
Sketches Of Spain,Miles Davis,1960,356,358,,357.0
Goo,Sonic Youth,1990,,,358,358.0
"Whatever People Say I Am, That's What I'm Not",Arctic Monkeys,2006,,371,346,358.5
Yankee Hotel Foxtrot,Wilco,2001,,493,225,359.0
The Score,Fugees,1996,477,469,134,360.0
The Black Parade,My Chemical Romance,2006,,,361,361.0
In Rainbows,Radiohead,2007,,336,387,361.5
Substance,New Order,1987,361,363,,362.0
Californication,Red Hot Chili Peppers,1999,399,401,286,362.0
Never Too Much,Luther Vandross,1981,,,362,362.0
L.A. Woman,The Doors,1971,362,364,,363.0
Double Nickels On The Dime,Minutemen,1984,411,413,267,363.67
American Recordings,Johnny Cash,1994,364,366,,365.0
Madvillainy,Madvillain,2004,,,365,365.0
Louder Than Bombs,The Smiths,1987,365,369,,367.0
Maggot Brain,Funkadelic,1971,486,479,136,367.0
If You're Reading This It's Too Late,Drake,2015,,,367,367.0
Funky Kingston,Toots And The Maytals,1973,378,380,344,367.33
Faith,George Michael,1987,480,472,151,367.67
Mott,Mott The Hoople,1973,366,370,,368.0
The Infamous,Mobb Deep,1995,,,369,369.0
Reggatta De Blanc,The Police,1979,369,372,,370.5
Volunteers,Jefferson Airplane,1969,370,373,,371.5
"Stories From The City, Stories From The Sea",PJ Harvey,2000,,431,313,372.0
Siren,Roxy Music,1975,371,374,,372.5
Hot Buttered Soul,Isaac Hayes,1969,,,373,373.0
Late For The Sky,Jackson Browne,1974,372,375,,373.5
Brothers In Arms,Dire Straits,1985,351,352,418,373.67
Van Halen,Van Halen,1978,415,415,292,374.0
"Live At The Harlem Square Club, 1963",Sam Cooke,1985,443,439,240,374.0
The Ultimate Collection (1948 - 1990),John Lee Hooker,1991,375,377,,376.0
In the Aeroplane Over the Sea,Neutral Milk Hotel,1998,,,376,376.0
More Songs About Buildings And Food,Talking Heads,1978,382,383,364,376.33
Fever to Tell,Yeah Yeah Yeahs,2003,,,377,377.0
Pink Flag,Wire,1977,410,412,310,377.33
Sandinista!,The Clash,1980,404,407,323,378.0
Greetings From Asbury Park,Bruce Springsteen,1973,379,,,379.0
Moving Pictures,Rush,1981,,,379,379.0
Life After Death,The Notorious B.I.G,1997,483,476,179,379.33
Sunflower,The Beach Boys,1970,380,,,380.0
Mingus Ah Um,Charles Mingus,1959,,,380,380.0
For Your Pleasure,Roxy Music,1973,394,396,351,380.33
Q: Are We Not Men? A: We Are Devo!,Devo,1978,447,442,252,380.33
Down Every Road,Merle Haggard,1996,,477,284,380.5
The Smile Sessions,The Beach Boys,2011,,381,,381.0
Currents,Tame Impala,2015,,,382,382.0
A Quick One (Happy Jack),The Who,1966,383,384,,383.5
Pyromania,Def Leppard,1983,384,,,384.0
Rain Dogs,Tom Waits,1985,397,399,357,384.33
Pretzel Logic,Steely Dan,1974,385,386,,385.5
Donuts,J Dilla,2006,,,386,386.0
Country Life,Roxy Music,1974,387,,,387.0
"Young, Gifted and Black",Aretha Franklin,1972,,,388,388.0
She's So Unusual,Cyndi Lauper,1983,494,487,184,388.33
Damaged,Black Flag,1981,340,340,487,389.0
The End Of The Innocence,Don Henley,1989,389,389,,389.0
Radio City,Big Star,1974,403,405,359,389.0
The Emancipation of Mimi,Mariah Carey,2005,,,389,389.0
Anthology,The Temptations,1973,398,400,371,389.67
The Pretender,Jackson Browne,1976,391,391,,391.0
Kaleidoscope,Kelis,1999,,,391,391.0
Here Come The Warm Jets,Brian Eno,1973,436,432,308,392.0
Kala,M.I.A,2007,,393,,393.0
1989,Taylor Swift,2014,,,393,393.0
Good Old Boys,Randy Newman,1974,393,394,,393.5
Diana,Diana Ross,1980,,,394,394.0
(Pronounced Leh-Nerd Skin-Nerd),Lynyrd Skynyrd,1973,401,403,381,395.0
Black Messiah,D'Angelo and the Vanguard,2014,,,395,395.0
Third/Sister Lovers,Big Star,1978,456,449,285,396.67
Eliminator,ZZ Top,1983,396,398,,397.0
"When We All Fall Asleep, Where Do We Go?",Billie Eilish,2019,,,397,397.0
Mezzanine,Massive Attack,1998,412,,383,397.5
The Raincoats,The Raincoats,1979,,,398,398.0
Smile,Brian Wilson,2004,,,399,399.0
Another Green World,Brian Eno,1975,433,429,338,400.0
Blondie,Blondie,1977,,,401,401.0
Expensive Shit,Fela Kuti & Africa 70,1975,,,402,402.0
Dr. John's Gumbo,Dr. John,1972,402,404,,403.0
Supreme Clientele,Ghostface Killah,2000,,,403,403.0
Tha Carter III,Lil Wayne,2008,,437,370,403.5
Rapture,Anita Baker,1986,,,404,404.0
Strange Days,The Doors,1967,407,409,,408.0
Ace of Spades,Motörhead,1980,,,408,408.0
The Stone Roses,The Stone Roses,1989,,498,319,408.5
Time Out Of Mind,Bob Dylan,1997,408,410,,409.0
Beauty And The Beat,Go-Go's,1981,413,414,400,409.0
Elephant,The White Stripes,2003,390,390,449,409.67
461 Ocean Boulevard,Eric Clapton,1974,409,411,,410.0
Wild Honey,The Beach Boys,1967,,,410,410.0
All Things Must Pass,George Harrison,1970,437,433,368,412.67
Greatest Hits,James Brown,1991,414,,,414.0
Sound Of Silver,LCD Soundsystem,2007,,395,433,414.0
Risqué,Chic,1979,,,414,414.0
Looka Py Py,The Meters,1969,,,415,415.0
Entertainment!,Gang Of Four,1979,490,483,273,415.33
Mule Variations,Tom Waits,1999,416,416,,416.0
Things Fall Apart,The Roots,1999,,,416,416.0
Band On The Run,Wings,1973,418,418,,418.0
Chief,Eric Church,2011,,,419,419.0
With The Beatles,The Beatles,1963,420,,,420.0
The Chirping Crickets,Buddy Holly,1957,421,420,,420.5
Love And Theft,Bob Dylan,2001,467,385,411,421.0
A Rush Of Blood To The Head,Coldplay,2002,473,466,324,421.0
Arular,M.I.A.,2005,,,421,421.0
"The Best Of The Girl Groups, Volumes 1 And 2",Various Artists,1990,422,421,,421.5
Greatest Hits,The Mamas & The Papas,1998,423,,,423.0
I Can Hear the Heart Beating As One,Yo La Tengo,1997,,,423,423.0
I Do Not Want What I Haven't Got,Sinead O'Connor,1990,406,408,457,423.67
"King Of The Delta Blues Singers, Vol. 2",Robert Johnson,1970,424,,,424.0
The Rising,Bruce Springsteen,2002,,424,,424.0
Changesone,David Bowie,1976,425,,,425.0
The Battle Of Los Angeles,Rage Against The Machine,1999,426,,,426.0
Lucinda Williams,Lucinda Williams,1988,,,426,426.0
Grievous Angel,Gram Parsons,1974,429,425,,427.0
Boy,U2,1980,417,438,,427.5
At Budokan,Cheap Trick,1978,430,426,,428.0
Reach Out,The Four Tops,1967,,,429,429.0
Sleepless,Peter Wolf,2002,432,427,,429.5
Vampire Weekend,Vampire Weekend,2008,,430,,430.0
Outlandos D'Amour,The Police,1978,434,428,,431.0
Confessions,Usher,2004,,,432,432.0
To Bring You My Love,PJ Harvey,1995,435,,,435.0
Actually,Pet Shop Boys,1987,,,435,435.0
Anthology,The Supremes,1974,431,423,452,435.33
69 Love Songs,The Magnetic Fields,1999,,465,406,435.5
All Eyez on Me,2Pac,1996,,,436,436.0
Screamadelica,Primal Scream,1991,,,437,437.0
Sea Change,Beck,2002,440,436,,438.0
Parklife,Blur,1994,,,438,438.0
Sex Machine,James Brown,1970,,,439,439.0
Boys Don't Cry,The Cure,1980,442,438,,440.0
Coal Miner's Daughter,Loretta Lynn,1971,,,440,440.0
Tragic Kingdom,No Doubt,1995,441,,,441.0
Blackout,Britney Spears,2007,,,441,441.0
Beauty Behind the Madness,The Weeknd,2015,,,442,442.0
Rum Sodomy And The Lash,The Pogues,1985,445,440,,442.5
The Indestructible Beat Of Soweto,Various Artists,1985,,388,497,442.5
Scary Monsters,David Bowie,1980,,,443,443.0
Extraordinary Machine,Fiona Apple,2005,,,444,444.0
Close to the Edge,Yes,1972,,,445,445.0
In Color,Cheap Trick,1977,448,443,,445.5
Journey in Satchidananda,Alice Coltrane,1971,,,446,446.0
The World Is A Ghetto,War,1972,449,444,,446.5
X 100pre,Bad Bunny,2018,,,447,447.0
Fly Like An Eagle,Steve Miller Band,1976,450,445,,447.5
Presenting The Fabulous Ronettes Featuring Veronica,The Ronettes,1964,427,422,494,447.67
Back In The USA,MC5,1970,451,446,,448.5
Number 1 Record,Big Star,1972,438,434,474,448.67
How Will The Wolf Survive?,Los Lobos,1984,461,455,431,449.0
Ram,Paul & Linda McCartney,1971,,,450,450.0
Getz/Gilberto,Stan Getz And Joao Gilberto Featuring Antonio Carlos Jobim,1964,454,447,,450.5
First Take,Roberta Flack,1969,,,451,451.0
Music,Madonna,2000,452,,,452.0
Ritual De Lo Habitual,Jane's Addiction,1990,453,,,453.0
Pretty Hate Machine,Nine Inch Nails,1989,,,453,453.0
For Everyman,Jackson Browne,1973,457,450,,453.5
Ege Bamyasi,Can,1972,,,454,454.0
Strictly Business,EPMD,1988,459,453,,456.0
Love It To Death,Alice Cooper,1971,460,454,,457.0
Z,My Morning Jacket,2005,,457,,457.0
Southeastern,Jason Isbell,2013,,,458,458.0
Man on the Moon: The End of the Day,Kid Cudi,2009,,,459,459.0
Melodrama,Lorde,2017,,,460,460.0
Tumbleweed Connection,Elton John,1970,463,458,,460.5
"For Emma, Forever Ago",Bon Iver,2008,,,461,461.0
Suicide,Suicide,1977,446,441,498,461.67
Golden Hits,The Drifters,1968,465,459,,462.0
Eli and the Thirteenth Confession,Laura Nyro,1968,,,463,463.0
3x3,The Isley Brothers,1973,,,464,464.0
Metal Box,Public Image Ltd,1979,469,461,,465.0
The Best of the Classic Years,King Sunny Adé,2003,,,465,465.0
Document,R.E.M,1987,470,462,,466.0
That's The Way Of The World,"Earth, Wind & Fire",1975,493,486,420,466.33
Heaven Up Here,Echo & The Bunnymen,1981,471,463,,467.0
BLACKsummers'night,Maxwell,2009,,,467,467.0
Elton John,Elton John,1970,468,,,468.0
Hysteria,Def Leppard,1987,472,464,,468.0
Clandestino,Manu Chao,1998,,,469,469.0
400 Degreez,Juvenile,1998,,,470,470.0
"Here, My Dear",Marvin Gaye,1978,462,456,493,470.33
New Day Rising,Hüsker Dü,1985,495,488,428,470.33
Tunnel Of Love,Bruce Springsteen,1987,475,467,,471.0
Ctrl,SZA,2017,,,472,472.0
Barrio Fino,Daddy Yankee,2004,,,473,473.0
Live In Europe,Otis Redding,1967,474,,,474.0
Radio,LL Cool J,1985,478,470,,474.0
Proxima Estacion Esperanza,Manu Chao,2001,,474,,474.0
Sheryl Crow,Sheryl Crow,1996,,,475,475.0
Kimono My House,Sparks,1974,,,476,476.0
The Smiths,The Smiths,1984,481,473,,477.0
I Want To See The Bright Lights Tonight,Richard & Linda Thompson,1974,479,471,485,478.33
Armed Forces,Elvis Costello And The Attractions,1979,482,475,,478.5
Amor Prohibido,Selena,1994,,,479,479.0
Weight of These Wings,Miranda Lambert,2016,,,480,480.0
If You're Feeling Sinister,Belle and Sebastian,1996,,,481,481.0
All Time Greatest Hits,Loretta Lynn,2002,485,478,,481.5
Bizarre Ride II The Pharcyde,The Pharcyde,1992,,,482,482.0
Branded Man,Merle Haggard,1967,484,,,484.0
Born This Way,Lady Gaga,2011,,,484,484.0
Guitar Town,Steve Earle,1986,489,482,,485.5
Continuum,John Mayer,2006,,,486,486.0
Mellon Collie And The Infinite Sadness,Smashing Pumpkins,1995,487,,,487.0
All The Young Dudes,Mott The Hoople,1972,491,484,,487.5
Vitalogy,Pearl Jam,1994,492,485,,488.5
Fine Line,Harry Styles,2019,,,491,491.0
Destroyer,Kiss,1976,496,489,,492.5
Tres Hombres,ZZ Top,1973,498,490,,494.0
Oracular Spectacular,Mgmt,2007,,494,,494.0
Born Under A Bad Sign,Albert King,1967,499,491,,495.0
Give It Up,Bonnie Raitt,1972,,495,,495.0
II,Boyz II Men,1991,,,495,495.0
Touch,Eurythmics,1983,500,492,,496.0
Boz Scaggs,Boz Scaggs,1969,,496,,496.0
Dónde Están los Ladrones,Shakira,1998,,,496,496.0
Yo! Bum Rush The Show,Public Enemy,1987,497,,,497.0
White Blood Cells,The White Stripes,2001,,497,,497.0
Live In Cook County Jail,B.B. King,1971,,499,,499.0
Ask Rufus,Rufus & Chaka Khan,1977,,,499,499.0
